Job Title,Date Posted
Project Manager,3 days ago
Talent Acquisition Specialist,3 days ago
Sr.QA Engineer,8 days ago
Senior Cloud Specialist,20 days ago
Cloud Native Developer,21 days ago
Data Scientist Intern,23 days ago
Embedded Engineer,24 days ago
System Engineer,a month ago
Associate QA Engineer,a month ago
Solution Architect,a month ago
Android Mobile Developer,a month ago
iOS Developer,a month ago
Associate Cloud Engineer,a month ago
Sr Full Stack Developer,2 months ago
Sr SAP PI/PO Developer,2 months ago
Blockchain Developer,2 months ago
Junior Cloud Native Developer,2 months ago
Senior DevOps Engineer,2 months ago
Lead DevOps Engineer ,2 months ago
Site Reliability Engineer,2 months ago
OSS DevOps Engineer,2 months ago
DevOps Architect,2 months ago
Engineering Lead,3 months ago
HR and Community Specialist,2 months ago
Machine Learning Engineer,2 months ago
